{
    "ret": 1.0081024727861094,
    "mtx": [
        [
            627.2835141334251,
            0.0,
            329.57226574171773
        ],
        [
            0.0,
            626.9724104600954,
            237.02882680224272
        ],
        [
            0.0,
            0.0,
            1.0
        ]
    ],
    "dist": [
        [
            0.20311785305356292,
            -1.0969456623578793,
            0.0031875622879193924,
            -0.0018403247537564053,
            1.4756104403729744
        ]
    ],
    "rvecs": [
        [
            [
                -0.5026725568590052
            ],
            [
                -0.7238810230663201
            ],
            [
                -2.397030705457797
            ]
        ],
        [
            [
                -0.3414507041405588
            ],
            [
                -0.039642502339732835
            ],
            [
                1.930889554125316
            ]
        ],
        [
            [
                0.340495140272836
            ],
            [
                -0.8629565824705855
            ],
            [
                -1.2418703962545785
            ]
        ],
        [
            [
                -0.7890031876862398
            ],
            [
                0.2245977704651622
            ],
            [
                2.9257932866615826
            ]
        ],
        [
            [
                0.3526012447767469
            ],
            [
                -0.09673868193634592
            ],
            [
                -0.041353095158493225
            ]
        ],
        [
            [
                -0.1471984264990375
            ],
            [
                0.06629473811033673
            ],
            [
                0.06994063341616993
            ]
        ],
        [
            [
                0.9301610559452161
            ],
            [
                -0.2153420010957855
            ],
            [
                -2.976683581036558
            ]
        ],
        [
            [
                0.1313641824233997
            ],
            [
                -0.7131046140618224
            ],
            [
                -2.5983319514402923
            ]
        ],
        [
            [
                0.3481035965310066
            ],
            [
                -0.7043447121840449
            ],
            [
                -1.1784331828698384
            ]
        ],
        [
            [
                -0.1502031940281501
            ],
            [
                -0.6169428456812862
            ],
            [
                -2.5162061553363326
            ]
        ],
        [
            [
                1.0563972407071078
            ],
            [
                0.41375545329295027
            ],
            [
                2.7959068599964527
            ]
        ],
        [
            [
                -0.6936352799324598
            ],
            [
                -1.0173286877418848
            ],
            [
                -0.5017387908663435
            ]
        ],
        [
            [
                -0.6716377295755764
            ],
            [
                -0.16701929797590484
            ],
            [
                -1.294163275501288
            ]
        ],
        [
            [
                -0.5743770654581932
            ],
            [
                0.25962339797939726
            ],
            [
                -0.1115190622043474
            ]
        ],
        [
            [
                -0.7666573285827293
            ],
            [
                0.5141811907732591
            ],
            [
                -1.1162636121221499
            ]
        ]
    ],
    "tvecs": [
        [
            [
                -3.4211607309145267
            ],
            [
                4.532450624367292
            ],
            [
                23.347751447468898
            ]
        ],
        [
            [
                11.656859118294486
            ],
            [
                -2.3453686258807744
            ],
            [
                28.425671601206847
            ]
        ],
        [
            [
                -5.074126047476005
            ],
            [
                2.728379029838273
            ],
            [
                17.800633657912407
            ]
        ],
        [
            [
                12.263411765820946
            ],
            [
                2.1902855050090655
            ],
            [
                28.914866593504165
            ]
        ],
        [
            [
                -10.355838324065948
            ],
            [
                -6.919877455821066
            ],
            [
                24.891670412254097
            ]
        ],
        [
            [
                -7.32691447216734
            ],
            [
                -3.289377977487629
            ],
            [
                22.272318554446347
            ]
        ],
        [
            [
                -2.527935383288935
            ],
            [
                2.2087576944215073
            ],
            [
                28.32442697980463
            ]
        ],
        [
            [
                4.9301780740831775
            ],
            [
                3.4137968539946244
            ],
            [
                32.22265456986669
            ]
        ],
        [
            [
                -5.550636075378194
            ],
            [
                1.5842871079919567
            ],
            [
                24.08544855370915
            ]
        ],
        [
            [
                -1.0494035445589498
            ],
            [
                5.260684324748084
            ],
            [
                22.647238371255725
            ]
        ],
        [
            [
                7.001346569342958
            ],
            [
                1.9997881365397199
            ],
            [
                21.444248433625553
            ]
        ],
        [
            [
                -7.083560953063173
            ],
            [
                0.3501608177091968
            ],
            [
                20.399044717650092
            ]
        ],
        [
            [
                -7.344601904852464
            ],
            [
                3.919581348909739
            ],
            [
                19.627604775384942
            ]
        ],
        [
            [
                -2.7246520581938656
            ],
            [
                3.8594592963838203
            ],
            [
                31.986904063347215
            ]
        ],
        [
            [
                -0.6056095751648077
            ],
            [
                5.0014074223508596
            ],
            [
                28.921551124394355
            ]
        ]
    ]
}