{
    "ret": 0.3781756571220383,
    "mtx": [
        [
            2544.789826450435,
            0.0,
            1349.3935777527377
        ],
        [
            0.0,
            2543.377752801308,
            952.6200821288028
        ],
        [
            0.0,
            0.0,
            1.0
        ]
    ],
    "dist": [
        [
            0.2625675805933442,
            -1.5563274020446725,
            0.0048931543555137185,
            -0.001063912464985438,
            2.641499798679306
        ]
    ],
    "rvecs": [
        [
            [
                -0.20848552568010295
            ],
            [
                0.05824332418241713
            ],
            [
                1.5408232306342926
            ]
        ],
        [
            [
                0.11994535216603676
            ],
            [
                -0.8606156142163208
            ],
            [
                1.5178874570190561
            ]
        ],
        [
            [
                -0.46130210798167515
            ],
            [
                0.8289989024804061
            ],
            [
                0.5562367718572927
            ]
        ],
        [
            [
                -0.8151573850844873
            ],
            [
                -0.3478567024671238
            ],
            [
                0.1410444056852509
            ]
        ],
        [
            [
                0.36187764644013326
            ],
            [
                -0.054741425623253584
            ],
            [
                0.0863392604850827
            ]
        ],
        [
            [
                0.1859260755101678
            ],
            [
                0.8624380485934725
            ],
            [
                1.4454411779492693
            ]
        ],
        [
            [
                -0.4115714490182645
            ],
            [
                -1.013590361239112
            ],
            [
                1.0593116484317984
            ]
        ],
        [
            [
                0.42316697949329674
            ],
            [
                -0.2709762549614006
            ],
            [
                0.6434084980314878
            ]
        ],
        [
            [
                -0.05520759012296936
            ],
            [
                -0.09421610334307194
            ],
            [
                0.12842571549174212
            ]
        ],
        [
            [
                -0.16758287550000536
            ],
            [
                -0.8115331356197251
            ],
            [
                0.3782749699857532
            ]
        ],
        [
            [
                -0.4980305598823129
            ],
            [
                0.6092238153251028
            ],
            [
                0.4322640894729101
            ]
        ],
        [
            [
                -0.428762436604489
            ],
            [
                -0.9645340447152855
            ],
            [
                0.1027329732046429
            ]
        ],
        [
            [
                0.40748730498074553
            ],
            [
                -0.3896448449516531
            ],
            [
                0.3470365595388383
            ]
        ],
        [
            [
                0.21930944753415046
            ],
            [
                0.13791881842851886
            ],
            [
                1.4818604780372329
            ]
        ],
        [
            [
                -0.26913391250705254
            ],
            [
                0.8554250753426113
            ],
            [
                1.0874974844450702
            ]
        ]
    ],
    "tvecs": [
        [
            [
                3.1866597678616255
            ],
            [
                1.9857855829334483
            ],
            [
                37.99044641549437
            ]
        ],
        [
            [
                -0.14088797486848606
            ],
            [
                -2.7649035587188115
            ],
            [
                22.574604157419518
            ]
        ],
        [
            [
                4.500294676423894
            ],
            [
                0.9827658492479493
            ],
            [
                28.72941765001225
            ]
        ],
        [
            [
                -3.079981817934845
            ],
            [
                -2.6288468700692222
            ],
            [
                27.589247332576843
            ]
        ],
        [
            [
                -7.71051577243501
            ],
            [
                -6.404220320449091
            ],
            [
                23.412585264954256
            ]
        ],
        [
            [
                8.94506461606752
            ],
            [
                -1.4189645925717764
            ],
            [
                25.87463506151616
            ]
        ],
        [
            [
                -5.707446979973964
            ],
            [
                -4.788128855392103
            ],
            [
                26.62825903975883
            ]
        ],
        [
            [
                -2.4299843311830496
            ],
            [
                -9.90828916156941
            ],
            [
                34.406091148533065
            ]
        ],
        [
            [
                1.4237911734405904
            ],
            [
                -1.9420070216549885
            ],
            [
                31.74017795779035
            ]
        ],
        [
            [
                -3.2627668111163364
            ],
            [
                -0.7390830938646805
            ],
            [
                23.82169571998605
            ]
        ],
        [
            [
                -5.865366518585428
            ],
            [
                -1.0043059353998773
            ],
            [
                27.78017604949213
            ]
        ],
        [
            [
                -7.223216433049038
            ],
            [
                -1.1105283184436368
            ],
            [
                23.99651558218778
            ]
        ],
        [
            [
                -4.202630763122693
            ],
            [
                -2.9384067038947066
            ],
            [
                24.33032162272728
            ]
        ],
        [
            [
                -2.2083776219101177
            ],
            [
                -4.9747149577375165
            ],
            [
                24.99086777503998
            ]
        ],
        [
            [
                7.355698937724934
            ],
            [
                -0.20892405156982183
            ],
            [
                27.573051051890648
            ]
        ]
    ]
}